{
  "acc": 0.9631205673758865,
  "f1": 0.9629629629629629,
  "roc_auc": 0.9910587818696883,
  "ap": 0.992605673142243,
  "best_epoch": 10,
  "brier": 0.03177245020137984
}